text,x,y
"For those of you that think credit/debit is just as good as #bitcoin when it comes to combating #coronavirus, keep in mind that this is not a ""contactless transaction.""  How many people at your grocery store or gas station touch this keypad every day? https://t.co/WVq8bb9OlS",10.522471,3.2132795
"Since the #coronavirus is now a  #pandemic, I will be online shopping for most of my stuff &amp; limiting how much I go outside. 

All items purchased from us will be in its original packaging &amp; handled w/ gloves.

Be safe, Be blessed ???",10.250053,2.978992
"#Coronavirus shifts online shopping habits. #eCommerce 

https://t.co/eELVHjauQd https://t.co/wfFkfDCpMq",10.498582,3.2595377
"Home shopping could double if #Coronavirus takes hold in the UK, as consumers switch from buying food and household items in stores to online.  https://t.co/t5teSX87vU  

Is your #business ready to meet this demand? 

Via @PostalTechNews https://t.co/o45h0Jdi8E",10.347888,2.922216
"Anxiety over the #coronavirus is driving grocery shoppers online, where theyre able to purchase the #CPG items they need without risking exposure to crowds of people. Is this the catalyst that online grocery needed to change deep rooted consumer shopping habits?",10.073383,3.0669372
Im gonna apologize to my bank now for all the online shopping Ill be doing once im quarantined ??? #sorrynotsorry #Corona #coronavirus #COVID19 https://t.co/UM0UPy0C7J,10.666866,3.128548
Coronavirus is hurting store traffic and e-commerce won't help much #Retail #coronavirus  https://t.co/ad2ZaodeVo,10.8839655,3.0741727
"As an optimist I look at the bright side of the #coronavirus

My wife no longer wants to take expensive trip to Asia

She no longer buys anything online because everything is made overseas

She no longer goes shopping because of panicked toilet paper mobs

Blessings in disguise? https://t.co/9oTdiv4Agc",10.231479,2.8789787
online shopping is more sterile and safe? Think about the delivery vans and the staff #coronavirus #cornoravirusuk,10.301444,3.1092074
covid-19 rly about to hit my bank acct with all these groceries and online shopping imma be totally unable to avoid,10.794954,3.365195
"****IMPORTANT MESSAGE FOR YOU ALL RE: COVID-19 CORONAVIRUS. PLEASE READ****

?? I have seen a few posts online lately saying that people are slowing down their internet shopping because they may be worried about https://t.co/eEnsmMV3vE",10.919989,3.2796416
"It is not clear when Coupang early morning grocery shopping service started again, but it seems that it was possible to order again since a few days ago. Maybe now people are buying groceries offline more than online. #Daegu #SouthKorea #coronavirus",10.5645275,2.5964174
Egyptian retailers now touting online shopping ? in response to #Coronavirus https://t.co/P3ZfjJJyIL,10.295348,3.2817504
Consumers in the U.S. have been slow to embrace online grocery shopping until now. But that mentality is starting to change in the era of #coronavirus. @SPGMarketIntel's @KatieArcieri reports: https://t.co/bWSBXnRqFc https://t.co/ucV82rKRbt,10.0080595,2.8613977
@AmberScholl Your online shopping is gonna be working overtime if they make us all self-quarantine due to #coronavirus ?,10.562323,3.0749335
"Im more worried how Ill cope not being able to get online shopping delivered if we go into lockdown ...

#CoronaVirusUpdate #CoronaOutbreak #Covid_19 #coronavirus",10.559528,2.8956983
Online shopping getting new records? #coronavirus,10.510611,3.2571278
"Ordering pizza and compulsive online shopping is my new recipe to deal the anxiety of thinking constantly to my dear ones facing a pandemic crisis while I'm stuck in a country miles away from them.
The anguish is real.
#coronavirus
#Covid_19 #lockdown #COVD19 #fuorisede",10.518119,2.919507
Dear Everyone: go buy some of Neils awesome images. He had a bunch of jobs cancel on him because of the covid-19 apocalypse but we can support him with online shopping! ? https://t.co/fomr0dbGAv,10.580156,2.9525979
Doing online food shopping is just as stressful as going to the shop ????? #CoronaVirus just want to be able to buy my essentials,10.174419,3.0888617
"POINT OF SALE Software meets unique needs of small and medium enterprises

We sell hardwares at affordable prices 

TOUCH SCREEN MONITOR 25,000

COMPLETE DESKTOP KSH 12,000

THERMAL PRINTER KSH 13,000

CASH DRAWER KSH 8,000

CONTACT: 0722 904 209/0724 493 745

#Covid_19 https://t.co/8YePBAcG5i",10.737926,3.2366593
"alright #coronavirus you can fuq with my commute, fuq with mandatory wfh + even fuq with my online shopping addiction to china but you cannot FUQ WITH @tomhanks",10.572736,2.9436567
Sephora has free shipping online now until the end of March bc ppl are probably more comfortable shopping online instead of in stores due to COVID-19,10.160777,2.6850054
#CoronavirusPandemic  will help online grocery shopping break through in germany - no free delivery slots in the next two weeks in my area @REWE_Supermarkt  #disruption #ecommerce #delivery #Covid_19 https://t.co/SVaxCWymys,10.347065,2.769573
Shopping online because of #Covid_19 #CoronaVirus If you shop with  @boohoo remember to use TopCashback here is what you get back on online purchases sign up free https://t.co/rJjMjU43oU and you will also get a free £5 M&amp;S gift card #boohoo https://t.co/3UGPwVTllU,10.758806,3.226747
Weve had questions recently from customers concerned with shopping in public. Beach Automotive would like to remind its customers that we have the ability to complete an entire purchase transaction online WITH home delivery available. #CoronaVirus #Covid19 #WeAreHereToHelp,10.3192835,2.9493191
Just dont shut down online shopping and amazon prime! Please and thank you #Covid_19,10.788783,3.2788846
"@GoldenDiscs I just made my first purchase on your site, it took 2 minutes between choosing CD and check out ! #superb #shopping #ireland #online #Covid_19",10.829944,3.3089633
Stop shopping in online because of deadly #coronavirus,10.428875,3.1359806
"While most #BabyBoomers are online, they still lag behind younger generations when it comes to online #shopping. But that may be about to change. https://t.co/utXYNbxLyS #coronavirus #onlineshopping https://t.co/UMWvgUM0N5",10.426423,3.311442
"Can you get the Corona Virus from mail or online shopping? #Covid_19 

https://t.co/lEoK7kUTR4",10.7167845,2.6589468
@FlippinKath #coronavirus #tlna my big fear is purely money as I am a self employed Taxi Driver. If we go to lockdown Gov. Should hire us to help with online shopping deliveries as retailers would not be able to cope. Win-win!,10.6149435,2.7858331
"? 50% OFF SITEWIDE! ?
Don't let #coronavirus prevent you from shopping! Were giving customers the same deal as employees and encouraging you to shop online! Save big, now thru Monday! https://t.co/ngnz6aj8m4",10.648919,3.0173488
"?? Tips for Self Protection ?? Prevent #coronavirus by shopping online! Were giving customers 50% off sitewide so you can stay home and stay healthy! ??
Discount automatically applied at checkout. https://t.co/vzzi5QpO4N",10.749117,3.0825558
"?? THIS JUST IN ?? Prevent #coronavirus by shopping online! @GrassrootsCali is giving customers 50% off every onlinr purchase now through Monday! ??
#shoponline #shopnow https://t.co/HbTsF0SZeN",10.875313,2.961885
"In light of the pandemic, i have moved to online shopping.
Can we have free shipping for online orders? Please.
#coronavirus
#onlineshopping",10.1919775,2.7210104
"According to @dmsgrp and @eMarketer, #Coronavirus May Shift Older Generations To Online Shopping https://t.co/8MGWdu6Hxn #Retail https://t.co/UYJGtkMyYV",10.334407,3.1340787
"@PicknPay @Fresh_Living Due to #coronavirus what do you say about the fact that people are afraid to go to the malls? Isn't  possible to ensure that online shopping is everywhere in SA, local, and deliver at lower price.",10.46451,2.8752785
Does anyone know if its safe to receive packages from the US? Im talking about online shopping. #Covid_19 #coronavirus,10.349447,2.8276556
"For those worried about online shopping, your packages are safe!
https://t.co/8shWM1GZ77 #coronavirus #CoronaVirusUpdate #WuhanVirus #pandemic #CoronavirusPandemic #Covid_19 #onlineshopping #shopping https://t.co/NWnq0kbwCR",10.356386,2.8707623
Here are precautions to take whether you shop in-store or online https://t.co/Krqy2PxasI #COVID19 #coronavirus,10.620111,2.6944804
"$UBID .0095 Going 

Shop Online, avoid the stores and the high risk of being infected with the #Coronavirus #pandemic #COVID19 

Auctions, Online Shopping 

Do it the safe way, the Ecommerce way",10.665848,3.1508167
"Free online delivery code for orders over 15 within Ireland, so that visitors to our child development stores can avail of free online delivery instead of shopping instore #COVID2019IRELAND #coronavirus https://t.co/5BwNmF64bb",10.23062,2.7280748
"For More details -  https://t.co/1cz6zgOSw6

#onlineshopping #Shipping #shippingfromindia #coronavirus #internationalshipping https://t.co/ef7zp5hMt5",10.29391,2.6720378
"Online shopping critical for many. But not easy for all and not for all services beyond groceries. If you have #Covid_19 high risk family in the Durham area and need items leaving on a porch, whatever they may be, let me know and we can make it happen. Support each other. 1/2",10.275707,2.7802072
COVID-19 has me shopping online for home delivery. SAVE with Rakuten &amp; earn cash back!!  I love getting Cash Back and think you will too! Join for free and get $10 when you spend $25.  https://t.co/rqvblxbGKA,10.618109,3.16212
"Tulkoff is committed to taking the necessary safety to precautions to limit the spread of COVID-19. Therefore, we have temporarily suspended retail sales via our online store. We apologize for any inconvenience this may cause &amp; will keep you updated on the status of our store. https://t.co/BkAloYzjJg",10.865005,2.6093059
"We're concerned...please help us support our local businesses, many of whom have online shopping platforms. We will get through this!!
#CoronavirusPandemic #coronavirus #COVID2019 #Bellingham #pnw #localbusiness #ShopLocal https://t.co/c7FXyUEJZs",10.325666,2.7714264
I now see why drones would come in handy for online shopping and delivery. #coronavirus,10.409094,3.2445073
"mga adik sa Shopee, Lazada, or online shopping wag muna order ng non important items o kaartehan unless for hygiene, healthcare reasons. prioritize actually important items than vanity and just plain add to cart boredom. #Covid_19 #CoronavirusPandemic #coronavirus",10.244496,3.0162752
Sign of the times Online shopping sites for and have crashed first delivery slot in our area is in over a week s time Could be a real issue for people self isolating in weeks to come unless the supermarkets ramp things up,10.189418,2.7421832
"Online shopping from a great selection at Home &amp; Business Services Store. https://t.co/j8LhpDsXG3
 via @Amazon3PSellers

#Homeoffice #DonaldTrump #coronavirus #COVID?19 #Italy #YouthWithYouEP02 #AmazonFilmfareAwards #woman
#FloridaPrimary https://t.co/0wx0ojPbRk",10.702827,3.2232783
I cant be quarantined! My online shopping is out of hand and Im bouta spend my COVID 19 national emergency fund on summer clothes and places to wear em  ????,10.75409,3.3665872
We understand that will make you reluctant to come out so we will do what we can to make your intrepid shopping easier You can browse shop online If you want free local delivery please just call us  ,10.099163,2.616986
"Coronavirus is hurting store traffic and e-commerce won't help much, analysts say https://t.co/Hz5GmbZMN0 #coronavirus #retail #ecommerce https://t.co/o9o6AxEZSK",10.664647,3.2794626
"During this time try to #shopsmall #shoplocal where possible. 

Even shopping #online you can support #smallbusinesses #familybusiness 

#covid_19 #bekind #helponeanother #letsdothis #supportsmallbusiness https://t.co/c3r1WpSaLW",10.4054985,2.6912735
Ocado down: Online shopping #ap'p and website break as #coronavirus fears lead to panic bu... https://t.co/7TmAssTuCG https://t.co/YYIMPmmv9w,10.6169615,3.114616
We're all about to look fly AF in our houses with all this online shopping we're doing. Like Thanksgiving - but everyday. #coronavirus,10.405423,3.198419
"Anyone else doing some online shopping right now? I've noticed that some of these designers have suddenly made their ""70% off"" sales into ""50% off"" sales *with* free shipping! ? Like ""fuck this price gauging"", y'all! ? #onlineshopping #coronavirus #COVID19 #Covid_19 #COVID19US",10.362908,3.042727
Ppl are waiting in grocery store lines for an hour or longer. ????? Its times like this I wonder why technology like what #Amazon is implementing (no cashiers) isnt the norm by now. ????? #CoronaVirus #iThoughtWeWouldBeLivingLikeTheJetsonsByNow https://t.co/nBxDIf0HjR,9.972638,2.9986007
"Me online shopping, unbothered by the #coronavirus frenzy. #amazonprime https://t.co/y0QSwzqpLM",10.335125,3.2976642
"Happy Saturday? Friends, while we are sanitizing our shipping facility &amp; storefront multiple times daily, we want to strongly encourage you to take your shopping experience with us online to err on the side of safety during this time of the COVID-19 season. @WHO ? https://t.co/zsjZ77vWTk",10.707717,2.6205592
"In Response to Corona &amp;
Canceled Events
""Online shopping has risen since the Covid-19 virus""

Our Unparalleled Response to the Coronavirus Emergency Plan
--Exclusively for our Vendors--
If we can't bring the PEOPLE to us then we will bring US https://t.co/9eRRiAK6eP https://t.co/cHAeczaeH5",10.441666,2.9381626
#Coronavirus We can stop the corona from spreading by prohibiting online shopping.,10.442922,3.3204563
"For those of us whove been avoiding people long before #coronavirus, there oughta be some sort Preferred Customer status when it comes to our online grocery shopping. #MoveToTheFrontOfTheLine",10.248385,2.6707902
"@RichardBarrow Same kind of thing has been going on in South Korea, too. The large stores are losing much business to same day /next day online delivery services. Cheaper prices and more convenient. Plus, with #coronavirus epidemic, few people wanna go sh",10.537777,2.9665945
Quarantine measures imposed by states the world over in the wake of the COVID-19 pandemic have led to a surge in screen time use and online shopping among the masses. https://t.co/nlRZMWLu1s https://t.co/4UQ7Iecozo,10.834824,3.2898698
"This virus just damaging my bank account the most, all this sitting at home has me online shopping out of boredom, better home my amazon guy is washing his hands or im gonna have a 50pcs box of kitkats, a ballgown ill never wear and COVID:19",10.67302,3.2942293
"For everyone thinking of going shopping this weekend, them shoes can wait, that top can be bought online, please if youre feeling under the weather dont go shopping at big centres because thats how its spreads and puts lives at risks #COVID?19 #StayHome #coronavirus",10.680588,3.3307958
Its so heartbreaking to see this and people struggle. Praying for a better  world. Managed to get most of the stuff for now. Praying for the future. Online shopping for now. Safest way!!!! #coronaUK #COVID19 #CoronaVirusUpdates #coronavirus #Covid19Kindness #tesco https://t.co/thCEOech3y,10.582449,2.8295686
"Now would be a good time for people to tweet their merch. Online shopping because we are bored.

#coronavirus",10.516435,3.1044102
"@uhaul offers free 30day storage, @amazon combats sanitizer prices, @Pornhub offers free premium service. @Sproutfy offers free term to schools. Are you doing your part to help during this period or letting market forces work and increasing your prices? #",10.648129,3.200857
Online shopping.. Delivers to store.. Fkkk #Coronavirus ??,10.336524,2.9679737
"Important point about online shopping during #coronavirus 

Its companies like @AmazonUK avoiding taxes (assisted by @Conservatives ) that helped undermine the #NHS and other public infrastructure.

Try purchase from anyone but Amazon if you can. Support tax paying companies.",10.378211,3.1182604
This online shopping thing may really catch on now. #coronavirus #COVID19 #ecommerce,10.633166,3.2329686
"Please unless you have to shop online right now , dont . Lots of people just like me rely on online shopping because we have medical conditions or disabilities that mean we can not leave our homes. #disabled #coronavirus #onlineshopping #reliant",10.451377,3.1150825
Just made my online order for pickup tomorrow at @Walmart You really think Im gonna go inside and experience the stupidity of Americans shopping!? #ShopSmarterNotHarder #SocialDistancing #COVID19 #Coronavirus,10.559319,2.7001667
"In our continued efforts to combat the spread of the COVID-19 virus, we have instituted more strenuous guidelines to provide a clean and safe retail experience. As always, our website is open 24/7 at https://t.co/f6inwhI8ek, as well as our Buy Online, Pick Up In Store program. https://t.co/ipYeH53a1l",10.882018,2.5947592
My preparation for #coronavirus has basically involved signing up for online shopping.,10.48257,3.2178836
"Avoid long lines and shop online! Plus FREE shipping for Prime members ??
··········
? Cleaning Supplies -&gt; https://t.co/IoQXOwemvS
? Personal Care Products -&gt; https://t.co/iTMviTSHhR
? Beauty Products -&gt; https://t.co/cSjtoBNcgW
··········
#shopping #affiliate #coronavirus https://t.co/PlWqi3VryR",10.1542425,2.731346
"Lots of people are online shopping because of #coronavirus meaning fewer delivery slots available for vulnerable people who have been told to self-isolate.

Delivery companies should be implementing a flagging system to prioritise vulnerable people at this time.",10.291566,3.0991588
only deliver online then no-one can greedily take someone else's order #shopping #coronavirus #greed #panic #stupidity #selfishness,10.312953,2.9607058
This quarantine has really lit a fire to my already problematic online shopping addiction #coronavirus,10.502392,3.228084
"Hi, I'm a mentally ill trans man, who is unable to work due to the virus (I'm a freelance tattoo artist), so I could really use some help with paying my bills. Here are my commission prices, I could really use the help rn
Check @pentoxyverin for examples
#coronavirus #COVID19 https://t.co/9p1P3oxGku",10.744247,2.9064286
Is online shopping safe...shouls you disinfect things you've ordered? #coronavirus,10.254669,3.0237756
Question: Is e-commerce shopping and online grocery delivery a good solution to the #StayAtHome movement or is shipping of packages and group handling of groceries also negatively contributing to the situation? #coronavirus,10.191188,2.72929
"Dont worry, you can still do your shopping - LUE Outdoors has your back! We be online. ??



#coronamemes #coronavirus #meme #tp #joke #onlineshop #onlineshopping #shopping #shopsmallbusiness #outdoor #outdoors https://t.co/OcvIgS2edY",10.349177,3.1740537
Please remember that even if you are shopping mostly online to please particularly at this time If you re not sure if your favorite store delivers give them a call and ask They just might,10.129217,2.6190653
Well I guess theres still online shopping so thank God for that. #cowboyboots #shoppingismycardio #coronavirus https://t.co/rQya1wumMd,10.432637,3.3290217
We ve created a Majestic FAQ to answer some of your key customer queries which you can find online here This is an ever changing situation but you can still enjoy shopping at your Majestic in store or with free home delivery,10.198279,2.7283473
"Somebody plz tell me, is it safe to shop online amid #coronavirus? 
?",10.301734,2.9913383
Could the COVID-19 virus finally push German grocery retailers into offering online shopping? STILL not available even though I'm 4km from the nearest store...,10.338888,3.0341873
Anyone else doing a lot of online shopping? ????? #coronavirus,10.396112,3.1286943
"While we are all #SocialDistancingNow because of the #coronavirus and doing all of our shopping online, why not take a look at https://t.co/wyhYb5SSUO and take advantage of 20% off with this sale until Mar 17? Use code: ARTSY20 at checkout. https://t.co/GO4MXUwMlo",10.708679,3.133332
 Amazon Needs to hire 100 000 people across the to keep up with a crush of orders as spreads amp keeps more people at home shopping online Will temporarily raise pay by 2 an hour through the end of April,9.601859,3.3158436
Due to uncertainty over people are staying at home having an impact on Use in your window to direct customers to your website without them having to go into store DM for info on our digital signage solutions,10.194194,3.1746802
is it safe to do online shopping in this stage of covid-19????? i just want to order makeup ?,10.335847,3.0714915
"@dunnesstores hi,will u be doing online grocery shopping? #CoronavirusOutbreak #coronavirus #Coronavirusireland",10.621949,2.8047636
"Imagine going shopping buying up loads of baby milk and then selling it online for 10x the price... Just imagine how much of an absolute cock you would have to be to even consider doing that ?

People are just vile... #coronavirus",10.349884,3.1716173
"@skdmodelme As COVID-19 has spread, we've recently seen an increase in people shopping online. Some of our delivery promises are longer than usual, but we're working around the clock to ship items as quickly as we're able to. Thank you for your understand",10.1043415,2.6956906
"@ragingrodent Hello, Matt! As COVID-19 has spread, we've recently seen an increase in people shopping online. Some of our delivery promises are longer than usual, but we're working around the clock to ship items as quickly as we're able to. Thank you for ",10.211651,2.6769037
How short sighted @woolworths and @Coles are by suspending their online shopping?? It would have been easier to promote click and collect instead of having customers in store that way controlling stock more and traffic in store. Missed opportunity #COVID?19 #coronavirus,10.237652,2.8998306
"Welp, I guess this is going to be the last @lululemon Fitting Room post for the foreseeable future. THANKS #CORONAVIRUS! ?

Luckily for us, online shopping is still a thing.
https://t.co/aClMBGyHZr",10.443755,3.0860386
"Now more than ever, retailers need to think about connecting their messaging across the board as shopping moves online during #coronavirus. Does the consumer experience match brick &amp; mortar &amp; across all platforms?
https://t.co/mERfbtA4lX",10.631907,3.326859
"#coronavirus, #Walmart's answer to beating online shopping. Sorry #Amazon, you can't touch this.",10.59644,3.2629554
"#coronavirus, Walmart's answer to beating online shopping. Sorry #Amazon, you can't touch this.",10.334056,3.2394867
Just read that #coronavirus stays alive on plastic for 2-3 days. Should we stop shopping online?,10.333487,3.0740263
"Since we have to be responsible and try to stay at home as much as we can during the coronavirus, why not treat yourself to some retail therapy and get 15% OFF when you spend£10.00 in our Etsy store? https://t.co/vNbZ2BdpF3 via @Etsy #stayathome #retailtherapy #coronavirus",10.707639,3.0173166
Do you have a brick and mortar store only? Now's a great time to add an online store for your business. #covid19 #coronavirus #payments #retail #ecommerce #merchantservices #merchantaccount #business #smallbiz https://t.co/z4JlGCn3Hk,10.704264,3.079147
"During COVID-19 Shopping online will seem so convenient but please try to shop local to help our communities. 

Also https://t.co/GN7NnE6aYv has next business day shipping for most canadiens (w/ no prime fees)",10.233738,2.678513
Go ahead and sign-up for PayPal. Makes shopping online and supporting small businesses that arent able to get foot traffic that much easier! #coronavirus,10.646119,3.1215372
